MEAN_X,MEAN_Y
-3.785809774850084,54.002910237024999
